Name,Family ID,Attending
John Smith,SMITH,
Jane Smith,SMITH,
Alice Smith,SMITH,
Bob Johnson,JOHNSON,
Carol Johnson,JOHNSON,
David Williams,WILLIAMS,
Emma Williams,WILLIAMS,
Michael Brown,BROWN,
Sarah Brown,BROWN,
Olivia Brown,BROWN,
James Brown,BROWN,
Robert Davis,DAVIS,
Lisa Davis,DAVIS,
Christopher Miller,MILLER,
Amanda Miller,MILLER,
Daniel Wilson,WILSON,
Jessica Wilson,WILSON,
Matthew Moore,MOORE,
Emily Moore,MOORE,
Andrew Taylor,TAYLOR,
Michelle Taylor,TAYLOR,
Joshua Anderson,ANDERSON,
Ashley Anderson,ANDERSON,
Ryan Thomas,THOMAS,
Stephanie Thomas,THOMAS,
Justin Jackson,JACKSON,
Nicole Jackson,JACKSON,
Brandon White,WHITE,
Lauren White,WHITE,
Tyler Harris,HARRIS,
Rachel Harris,HARRIS,
Kevin Martin,MARTIN,
Samantha Martin,MARTIN,
Jacob Thompson,THOMPSON,
Megan Thompson,THOMPSON,
Nathan Garcia,GARCIA,
Brittany Garcia,GARCIA,
Ryan Martinez,MARTINEZ,
Amanda Martinez,MARTINEZ,
Jordan Robinson,ROBINSON,
Kayla Robinson,ROBINSON,
Austin Clark,CLARK,
Taylor Clark,CLARK,
Zachary Rodriguez,RODRIGUEZ,
Madison Rodriguez,RODRIGUEZ,
Cameron Lewis,LEWIS,
Alexis Lewis,LEWIS,
Mason Lee,LEE,
Haley Lee,LEE,
Logan Walker,WALKER,
Courtney Walker,WALKER,
Noah Hall,HALL,
Morgan Hall,HALL,
Ethan Allen,ALLEN,
Jordan Allen,ALLEN,
Lucas Young,YOUNG,
Sydney Young,YOUNG,
Aiden Hernandez,HERNANDEZ,
Brooke Hernandez,HERNANDEZ,
Connor King,KING,
Paige King,KING,
Owen Wright,WRIGHT,
Riley Wright,WRIGHT,
Caleb Lopez,LOPEZ,
Jenna Lopez,LOPEZ,
Isaac Hill,HILL,
Maya Hill,HILL,
Liam Scott,SCOTT,
Sophia Scott,SCOTT,
Mason Green,GREEN,
Emma Green,GREEN,
Lucas Adams,ADAMS,
Olivia Adams,ADAMS,
Jackson Baker,BAKER,
Ava Baker,BAKER,
Aiden Nelson,NELSON,
Isabella Nelson,NELSON,
Carter Carter,CARTER,
Mia Carter,CARTER,
Sebastian Mitchell,MITCHELL,
Charlotte Mitchell,MITCHELL,
Henry Perez,PEREZ,
Amelia Perez,PEREZ,
Alexander Roberts,ROBERTS,
Harper Roberts,ROBERTS,
Daniel Turner,TURNER,
Evelyn Turner,TURNER,
Matthew Phillips,PHILLIPS,
Abigail Phillips,PHILLIPS,
Joseph Campbell,CAMPBELL,
Emily Campbell,CAMPBELL,
Samuel Parker,PARKER,
Elizabeth Parker,PARKER,
Benjamin Evans,EVANS,
Sofia Evans,EVANS,
David Edwards,EDWARDS,
Avery Edwards,EDWARDS,
James Collins,COLLINS,
Scarlett Collins,COLLINS,
John Stewart,STEWART,
Victoria Stewart,STEWART,
Robert Sanchez,SANCHEZ,
Grace Sanchez,SANCHEZ,
Michael Morris,MORRIS,
Chloe Morris,MORRIS,
William Rogers,ROGERS,
Lily Rogers,ROGERS,
Richard Reed,REED,
Zoey Reed,REED,
Charles Cook,COOK,
Lillian Cook,COOK,
Joseph Morgan,MORGAN,
Addison Morgan,MORGAN,
Thomas Bell,BELL,
Natalie Bell,BELL,
Christopher Murphy,MURPHY,
Hannah Murphy,MURPHY,
Daniel Bailey,BAILEY,
Aria Bailey,BAILEY,
Matthew Rivera,RIVERA,
Layla Rivera,RIVERA,
Anthony Cooper,COOPER,
Penelope Cooper,COOPER,
Mark Richardson,RICHARDSON,
Riley Richardson,RICHARDSON,
Donald Cox,COX,
Aubrey Cox,COX,
Steven Howard,HOWARD,
Ellie Howard,HOWARD,
Paul Ward,WARD,
Stella Ward,WARD,
Andrew Torres,TORRES,
Nora Torres,TORRES,
Kenneth Peterson,PETERSON,
Lucy Peterson,PETERSON,
Joshua Gray,GRAY,
Paisley Gray,GRAY,
Kevin Ramirez,RAMIREZ,
Savannah Ramirez,RAMIREZ,
Brian James,JAMES,
Audrey James,JAMES,
George Watson,WATSON,
Bella Watson,WATSON,
Edward Brooks,BROOKS,
Skylar Brooks,BROOKS,
Ronald Kelly,KELLY,
Violet Kelly,KELLY,
Timothy Sanders,SANDERS,
Claire Sanders,SANDERS,
Jason Price,PRICE,
Anna Price,PRICE,
Jeffrey Bennett,BENNETT,
Caroline Bennett,BENNETT,
Ryan Wood,WOOD,
Natalie Wood,WOOD,
Jacob Barnes,BARNES,
Leah Barnes,BARNES,
Gary Ross,ROSS,
Hazel Ross,ROSS,
Eric Henderson,HENDERSON,
Aurora Henderson,HENDERSON,
Stephen Coleman,COLEMAN,
Violet Coleman,COLEMAN,
Ralph Jenkins,JENKINS,
Luna Jenkins,JENKINS,
Raymond Perry,PERRY,
Stella Perry,PERRY,
Lawrence Powell,POWELL,
Aria Powell,POWELL,
Frank Long,LONG,
Layla Long,LONG,
Jerry Patterson,PATTERSON,
Zoe Patterson,PATTERSON,
Roger Hughes,HUGHES,
Chloe Hughes,HUGHES,
Louis Flores,FLORES,
Maya Flores,FLORES,
Wayne Washington,WASHINGTON,
Aubrey Washington,WASHINGTON,
Roy Butler,BUTLER,
Scarlett Butler,BUTLER,
Eugene Simmons,SIMMONS,
Penelope Simmons,SIMMONS,
Ralph Foster,FOSTER,
Hannah Foster,FOSTER,
Johnny Gonzales,GONZALES,
Addison Gonzales,GONZALES,
Johnny Bryant,BRYANT,
Elizabeth Bryant,BRYANT,
Johnny Alexander,ALEXANDER,
Sofia Alexander,ALEXANDER,
Johnny Russell,RUSSELL,
Avery Russell,RUSSELL,
Johnny Griffin,GRIFFIN,
Grace Griffin,GRIFFIN,
Johnny Diaz,DIAZ,
Chloe Diaz,DIAZ,
Johnny Hayes,HAYES,
Lily Hayes,HAYES,

